Modelo,F1,AUC-ROC,AUC-PR
Random Forest (otimizado),0.9860724233983287,0.9992539886230871,0.9977588585020545
Regressão Logística (otimizada),0.9597069597069597,0.995003926375668,0.988481169544956
